PGM_PO_NUMBER,PRD_LVL_NUMBER,NEW_FOB
2632337,72647646,2.83
2632337,72647653,2.83
2632337,72647660,2.83
2632337,72647677,2.83
2632337,72647684,2.83
2632337,72647691,2.83
2632337,72647707,2.83
2666878,72647851,2.83
2666878,72647868,2.83
2666878,72647875,2.83
2666878,72647882,2.83
2666878,72647899,2.83
2666878,72647905,2.83
2666878,72647912,2.83
2666879,72647783,2.83
2666879,72647790,2.83
2666879,72647806,2.83
2666879,72647813,2.83
2666879,72647820,2.83
2666879,72647837,2.83
2666879,72647844,2.83
2667187,72647578,2.83
2667187,72647585,2.83
2667187,72647592,2.83
2667187,72647608,2.83
2667187,72647615,2.83
2667187,72647622,2.83
2667187,72647639,2.83
2666880,72647851,2.83
2666880,72647868,2.83
2666880,72647875,2.83
2666880,72647882,2.83
2666880,72647899,2.83
2666880,72647905,2.83
2666880,72647912,2.83
2666881,72647783,2.83
2666881,72647790,2.83
2666881,72647806,2.83
2666881,72647813,2.83
2666881,72647820,2.83
2666881,72647837,2.83
2666881,72647844,2.83
2666882,72647646,2.83
2666882,72647653,2.83
2666882,72647660,2.83
2666882,72647677,2.83
2666882,72647684,2.83
2666882,72647691,2.83
2666882,72647707,2.83
2667188,72647578,2.83
2667188,72647585,2.83
2667188,72647592,2.83
2667188,72647608,2.83
2667188,72647615,2.83
2667188,72647622,2.83
2667188,72647639,2.83
2666883,72647578,2.83
2666883,72647585,2.83
2666883,72647592,2.83
2666883,72647608,2.83
2666883,72647615,2.83
2666883,72647622,2.83
2666883,72647639,2.83
2666884,72647646,2.83
2666884,72647653,2.83
2666884,72647660,2.83
2666884,72647677,2.83
2666884,72647684,2.83
2666884,72647691,2.83
2666884,72647707,2.83
2666885,72647851,2.83
2666885,72647868,2.83
2666885,72647875,2.83
2666885,72647882,2.83
2666885,72647899,2.83
2666885,72647905,2.83
2666885,72647912,2.83
2667189,72647783,2.83
2667189,72647790,2.83
2667189,72647806,2.83
2667189,72647813,2.83
2667189,72647820,2.83
2667189,72647837,2.83
2667189,72647844,2.83
2666886,72647578,2.83
2666886,72647585,2.83
2666886,72647592,2.83
2666886,72647608,2.83
2666886,72647615,2.83
2666886,72647622,2.83
2666886,72647639,2.83
2666887,72647783,2.83
2666887,72647790,2.83
2666887,72647806,2.83
2666887,72647813,2.83
2666887,72647820,2.83
2666887,72647837,2.83
2666887,72647844,2.83
2666888,72647851,2.83
2666888,72647868,2.83
2666888,72647875,2.83
2666888,72647882,2.83
2666888,72647899,2.83
2666888,72647905,2.83
2666888,72647912,2.83
2667190,72647646,2.83
2667190,72647653,2.83
2667190,72647660,2.83
2667190,72647677,2.83
2667190,72647684,2.83
2667190,72647691,2.83
2667190,72647707,2.83
2672079,71186054,1.695
2672079,71186061,1.695
2672079,71186078,1.695
2672079,71186085,1.695
2672079,71186092,1.695
2672080,71186122,1.695
2672080,71186139,1.695
2672080,71186146,1.695
2672080,71186153,1.695
2672080,71186160,1.695
2672081,71185989,1.695
2672081,71185996,1.695
2672081,71186009,1.695
2672081,71186016,1.695
2672081,71186023,1.695
2672082,71186054,1.695
2672082,71186061,1.695
2672082,71186078,1.695
2672082,71186085,1.695
2672082,71186092,1.695
2672083,71186054,1.695
2672083,71186061,1.695
2672083,71186078,1.695
2672083,71186085,1.695
2672083,71186092,1.695
2631964,71185972,1.67
2631964,71185989,1.67
2631964,71185996,1.67
2631964,71186009,1.67
2631964,71186016,1.67
2631964,71186023,1.67
2631964,71186030,1.67
2631965,71186115,1.67
2631965,71186122,1.67
2631965,71186139,1.67
2631965,71186146,1.67
2631965,71186153,1.67
2631965,71186160,1.67
2631965,71186177,1.67
2631966,71186047,1.67
2631966,71186054,1.67
2631966,71186061,1.67
2631966,71186078,1.67
2631966,71186085,1.67
2631966,71186092,1.67
2631966,71186108,1.67
2666821,71186467,3.3
2666821,71186474,3.3
2666821,71186481,3.3
2666821,71186498,3.3
2666821,71186504,3.3
2666821,71186511,3.3
2666821,71186528,3.3
2666822,71186535,3.3
2666822,71186542,3.3
2666822,71186559,3.3
2666822,71186566,3.3
2666822,71186573,3.3
2666822,71186580,3.3
2666856,71186467,3.3
2666856,71186474,3.3
2666856,71186481,3.3
2666856,71186498,3.3
2666856,71186504,3.3
2666856,71186511,3.3
2666856,71186528,3.3
2666857,71186535,3.3
2666857,71186542,3.3
2666857,71186559,3.3
2666857,71186566,3.3
2666857,71186573,3.3
2666857,71186580,3.3
2666864,71186535,3.3
2666864,71186542,3.3
2666864,71186559,3.3
2666864,71186566,3.3
2666864,71186573,3.3
2666864,71186580,3.3
2666865,71186467,3.3
2666865,71186474,3.3
2666865,71186481,3.3
2666865,71186498,3.3
2666865,71186504,3.3
2666865,71186511,3.3
2666865,71186528,3.3
2666874,71186535,3.3
2666874,71186542,3.3
2666874,71186559,3.3
2666874,71186566,3.3
2666874,71186573,3.3
2666874,71186580,3.3
2666875,71186467,3.3
2666875,71186474,3.3
2666875,71186481,3.3
2666875,71186498,3.3
2666875,71186504,3.3
2666875,71186511,3.3
2666875,71186528,3.3
2667297,71187075,5.15
2667297,71187082,5.15
2667297,71187099,5.15
2667297,71187105,5.15
2667297,71187112,5.15
2667297,71187129,5.15
2667297,71187136,5.15
2667298,71945064,5.15
2667298,71945071,5.15
2667298,71945088,5.15
2667298,71945095,5.15
2667298,71945101,5.15
2667298,71945118,5.15
2667299,71187013,5.15
2667299,71187020,5.15
2667299,71187037,5.15
2667299,71187044,5.15
2667299,71187051,5.15
2667299,71187068,5.15
2667300,71187150,5.15
2667300,71187167,5.15
2667300,71187174,5.15
2667300,71187181,5.15
2667300,71187198,5.15
2667300,71187204,5.15
2667303,71187075,5.15
2667303,71187082,5.15
2667303,71187099,5.15
2667303,71187105,5.15
2667303,71187112,5.15
2667303,71187129,5.15
2667303,71187136,5.15
2667304,71187150,5.15
2667304,71187167,5.15
2667304,71187174,5.15
2667304,71187181,5.15
2667304,71187198,5.15
2667304,71187204,5.15
2667305,71945064,5.15
2667305,71945071,5.15
2667305,71945088,5.15
2667305,71945095,5.15
2667305,71945101,5.15
2667305,71945118,5.15
2667308,71945064,5.15
2667308,71945071,5.15
2667308,71945088,5.15
2667308,71945095,5.15
2667308,71945101,5.15
2667308,71945118,5.15
2667309,71187150,5.15
2667309,71187167,5.15
2667309,71187174,5.15
2667309,71187181,5.15
2667309,71187198,5.15
2667309,71187204,5.15
2667310,71187075,5.15
2667310,71187082,5.15
2667310,71187099,5.15
2667310,71187105,5.15
2667310,71187112,5.15
2667310,71187129,5.15
2667310,71187136,5.15
2667311,71187013,5.15
2667311,71187020,5.15
2667311,71187037,5.15
2667311,71187044,5.15
2667311,71187051,5.15
2667311,71187068,5.15
2667295,71187327,4.55
2667295,71187334,4.55
2667295,71187341,4.55
2667295,71187358,4.55
2667295,71187365,4.55
2667295,71187372,4.55
2667296,71187396,4.55
2667296,71187402,4.55
2667296,71187419,4.55
2667296,71187426,4.55
2667296,71187433,4.55
2667296,71187440,4.55
2667301,71187327,4.55
2667301,71187334,4.55
2667301,71187341,4.55
2667301,71187358,4.55
2667301,71187365,4.55
2667301,71187372,4.55
2667302,71187396,4.55
2667302,71187402,4.55
2667302,71187419,4.55
2667302,71187426,4.55
2667302,71187433,4.55
2667302,71187440,4.55
2667306,71187396,4.55
2667306,71187402,4.55
2667306,71187419,4.55
2667306,71187426,4.55
2667306,71187433,4.55
2667306,71187440,4.55
2667307,71187327,4.55
2667307,71187334,4.55
2667307,71187341,4.55
2667307,71187358,4.55
2667307,71187365,4.55
2667307,71187372,4.55
2667211,68718275,5.35
2667211,68718282,5.35
2667211,68718299,5.35
2667211,68718305,5.35
2667211,68718312,5.35
2667211,68718329,5.35
2667212,68718206,5.35
2667212,68718213,5.35
2667212,68718220,5.35
2667212,68718237,5.35
2667212,68718244,5.35
2667212,68718251,5.35
2667221,68718206,5.35
2667221,68718213,5.35
2667221,68718220,5.35
2667221,68718237,5.35
2667221,68718244,5.35
2667221,68718251,5.35
2667222,68718275,5.35
2667222,68718282,5.35
2667222,68718299,5.35
2667222,68718305,5.35
2667222,68718312,5.35
2667222,68718329,5.35
2667234,68718206,5.35
2667234,68718213,5.35
2667234,68718220,5.35
2667234,68718237,5.35
2667234,68718244,5.35
2667234,68718251,5.35
2667235,68718275,5.35
2667235,68718282,5.35
2667235,68718299,5.35
2667235,68718305,5.35
2667235,68718312,5.35
2667235,68718329,5.35
2667205,68719128,4.62
2667205,68719135,4.62
2667205,68719142,4.62
2667205,68719159,4.62
2667205,68719166,4.62
2667205,68719173,4.62
2667205,68719180,4.62
2667206,68719050,4.62
2667206,68719067,4.62
2667206,68719074,4.62
2667206,68719081,4.62
2667206,68719098,4.62
2667206,68719104,4.62
2667220,68719128,4.62
2667220,68719135,4.62
2667220,68719142,4.62
2667220,68719159,4.62
2667220,68719166,4.62
2667220,68719173,4.62
2667220,68719180,4.62
2667232,68719128,4.62
2667232,68719135,4.62
2667232,68719142,4.62
2667232,68719159,4.62
2667232,68719166,4.62
2667232,68719173,4.62
2667232,68719180,4.62
2667233,68719050,4.62
2667233,68719067,4.62
2667233,68719074,4.62
2667233,68719081,4.62
2667233,68719098,4.62
2667233,68719104,4.62
2667238,68719128,4.62
2667238,68719135,4.62
2667238,68719142,4.62
2667238,68719159,4.62
2667238,68719166,4.62
2667238,68719173,4.62
2667238,68719180,4.62
2667203,69251320,2.7
2667203,69251337,2.7
2667203,69251344,2.7
2667203,69251351,2.7
2667203,69251368,2.7
2667203,69251375,2.7
2667203,69251382,2.7
2667204,69251191,2.7
2667204,69251207,2.7
2667204,69251214,2.7
2667204,69251221,2.7
2667204,69251238,2.7
2667204,69251245,2.7
2667210,69251191,2.7
2667210,69251207,2.7
2667210,69251214,2.7
2667210,69251221,2.7
2667210,69251238,2.7
2667210,69251245,2.7
2667213,69251320,2.7
2667213,69251337,2.7
2667213,69251344,2.7
2667213,69251351,2.7
2667213,69251368,2.7
2667213,69251375,2.7
2667213,69251382,2.7
2667214,69251191,2.7
2667214,69251207,2.7
2667214,69251214,2.7
2667214,69251221,2.7
2667214,69251238,2.7
2667214,69251245,2.7
2667215,69251269,2.7
2667215,69251276,2.7
2667215,69251283,2.7
2667215,69251290,2.7
2667215,69251306,2.7
2667215,69251313,2.7
2667218,69251269,2.7
2667218,69251276,2.7
2667218,69251283,2.7
2667218,69251290,2.7
2667218,69251306,2.7
2667218,69251313,2.7
2667219,69251191,2.7
2667219,69251207,2.7
2667219,69251214,2.7
2667219,69251221,2.7
2667219,69251238,2.7
2667219,69251245,2.7
2667225,69251320,2.7
2667225,69251337,2.7
2667225,69251344,2.7
2667225,69251351,2.7
2667225,69251368,2.7
2667225,69251375,2.7
2667225,69251382,2.7
2667230,69251191,2.7
2667230,69251207,2.7
2667230,69251214,2.7
2667230,69251221,2.7
2667230,69251238,2.7
2667230,69251245,2.7
2667231,69251269,2.7
2667231,69251276,2.7
2667231,69251283,2.7
2667231,69251290,2.7
2667231,69251306,2.7
2667231,69251313,2.7
2667236,69251320,2.7
2667236,69251337,2.7
2667236,69251344,2.7
2667236,69251351,2.7
2667236,69251368,2.7
2667236,69251375,2.7
2667236,69251382,2.7
2667240,69251191,2.7
2667240,69251207,2.7
2667240,69251214,2.7
2667240,69251221,2.7
2667240,69251238,2.7
2667240,69251245,2.7
2667208,68720155,3.4
2667208,68720162,3.4
2667208,68720179,3.4
2667208,68720186,3.4
2667208,68720193,3.4
2667208,68720209,3.4
2667209,68720223,3.4
2667209,68720230,3.4
2667209,68720247,3.4
2667209,68720254,3.4
2667209,68720261,3.4
2667209,68720278,3.4
2667216,68720155,3.4
2667216,68720162,3.4
2667216,68720179,3.4
2667216,68720186,3.4
2667216,68720193,3.4
2667216,68720209,3.4
2667217,68720223,3.4
2667217,68720230,3.4
2667217,68720247,3.4
2667217,68720254,3.4
2667217,68720261,3.4
2667217,68720278,3.4
2667228,68720223,3.4
2667228,68720230,3.4
2667228,68720247,3.4
2667228,68720254,3.4
2667228,68720261,3.4
2667228,68720278,3.4
2667229,68720155,3.4
2667229,68720162,3.4
2667229,68720179,3.4
2667229,68720186,3.4
2667229,68720193,3.4
2667229,68720209,3.4
2667239,68720155,3.4
2667239,68720162,3.4
2667239,68720179,3.4
2667239,68720186,3.4
2667239,68720193,3.4
2667239,68720209,3.4
2667201,71945729,6.84
2667201,71945736,6.84
2667201,71945743,6.84
2667201,71945750,6.84
2667201,71945767,6.84
2667201,71945774,6.84
2667201,71945781,6.84
2667202,71945798,6.84
2667202,71945804,6.84
2667202,71945811,6.84
2667202,71945828,6.84
2667202,71945835,6.84
2667202,71945842,6.84
2667207,71945729,6.84
2667207,71945736,6.84
2667207,71945743,6.84
2667207,71945750,6.84
2667207,71945767,6.84
2667207,71945774,6.84
2667207,71945781,6.84
2667223,71945729,6.84
2667223,71945736,6.84
2667223,71945743,6.84
2667223,71945750,6.84
2667223,71945767,6.84
2667223,71945774,6.84
2667223,71945781,6.84
2667224,71945798,6.84
2667224,71945804,6.84
2667224,71945811,6.84
2667224,71945828,6.84
2667224,71945835,6.84
2667224,71945842,6.84
2667226,71945729,6.84
2667226,71945736,6.84
2667226,71945743,6.84
2667226,71945750,6.84
2667226,71945767,6.84
2667226,71945774,6.84
2667226,71945781,6.84
2667227,71945798,6.84
2667227,71945804,6.84
2667227,71945811,6.84
2667227,71945828,6.84
2667227,71945835,6.84
2667227,71945842,6.84
2667237,71945729,6.84
2667237,71945736,6.84
2667237,71945743,6.84
2667237,71945750,6.84
2667237,71945767,6.84
2667237,71945774,6.84
2667237,71945781,6.84
2632516,71695327,7.28
2632516,71695334,7.28
2632516,71695341,7.28
2632516,71695358,7.28
2632516,71695365,7.28
2632516,71695372,7.28
2632516,71695389,7.28
2666818,71598000,7.28
2666818,71598017,7.28
2666818,71598024,7.28
2666818,71598031,7.28
2666818,71598048,7.28
2666818,71598055,7.28
2666818,71598062,7.28
2666819,71695464,7.28
2666819,71695471,7.28
2666819,71695488,7.28
2666819,71695495,7.28
2666819,71695501,7.28
2666820,71695396,7.28
2666820,71695402,7.28
2666820,71695419,7.28
2666820,71695426,7.28
2666820,71695433,7.28
2666820,71695440,7.28
2666820,71695457,7.28
2666832,71695327,7.28
2666832,71695334,7.28
2666832,71695341,7.28
2666832,71695358,7.28
2666832,71695365,7.28
2666832,71695372,7.28
2666833,71598000,7.28
2666833,71598017,7.28
2666833,71598024,7.28
2666833,71598031,7.28
2666833,71598048,7.28
2666833,71598055,7.28
2666833,71598062,7.28
2666850,71695327,7.28
2666850,71695334,7.28
2666850,71695341,7.28
2666850,71695358,7.28
2666850,71695365,7.28
2666850,71695372,7.28
2666851,71598000,7.28
2666851,71598017,7.28
2666851,71598024,7.28
2666851,71598031,7.28
2666851,71598048,7.28
2666851,71598055,7.28
2666851,71598062,7.28
2666852,71695396,7.28
2666852,71695402,7.28
2666852,71695419,7.28
2666852,71695426,7.28
2666852,71695433,7.28
2666852,71695440,7.28
2666852,71695457,7.28
2666854,71598000,7.28
2666854,71598017,7.28
2666854,71598024,7.28
2666854,71598031,7.28
2666854,71598048,7.28
2666854,71598055,7.28
2666854,71598062,7.28
2666855,71695464,7.28
2666855,71695471,7.28
2666855,71695488,7.28
2666855,71695495,7.28
2666855,71695501,7.28
2666860,71695396,7.28
2666860,71695402,7.28
2666860,71695419,7.28
2666860,71695426,7.28
2666860,71695433,7.28
2666860,71695440,7.28
2666860,71695457,7.28
2666861,71695327,7.28
2666861,71695334,7.28
2666861,71695341,7.28
2666861,71695358,7.28
2666861,71695365,7.28
2666861,71695372,7.28
2666862,71598000,7.28
2666862,71598017,7.28
2666862,71598024,7.28
2666862,71598031,7.28
2666862,71598048,7.28
2666862,71598055,7.28
2666862,71598062,7.28
2666863,71695464,7.28
2666863,71695471,7.28
2666863,71695488,7.28
2666863,71695495,7.28
2666863,71695501,7.28
2666869,71598000,7.28
2666869,71598017,7.28
2666869,71598024,7.28
2666869,71598031,7.28
2666869,71598048,7.28
2666869,71598055,7.28
2666869,71598062,7.28
2666870,71598000,7.28
2666870,71598017,7.28
2666870,71598024,7.28
2666870,71598031,7.28
2666870,71598048,7.28
2666870,71598055,7.28
2666870,71598062,7.28
2666871,71695396,7.28
2666871,71695402,7.28
2666871,71695419,7.28
2666871,71695426,7.28
2666871,71695433,7.28
2666871,71695440,7.28
2666871,71695457,7.28
2666872,71695327,7.28
2666872,71695334,7.28
2666872,71695341,7.28
2666872,71695358,7.28
2666872,71695365,7.28
2666872,71695372,7.28
2666873,71695464,7.28
2666873,71695471,7.28
2666873,71695488,7.28
2666873,71695495,7.28
2666873,71695501,7.28
2666877,71598000,7.28
2666877,71598017,7.28
2666877,71598024,7.28
2666877,71598031,7.28
2666877,71598048,7.28
2666877,71598055,7.28
2666877,71598062,7.28
2666817,71695891,4.69
2666817,71695907,4.69
2666817,71695914,4.69
2666817,71695921,4.69
2666817,71695938,4.69
2666817,71695945,4.69
2666817,71695952,4.69
2666831,71695891,4.69
2666831,71695907,4.69
2666831,71695914,4.69
2666831,71695921,4.69
2666831,71695938,4.69
2666831,71695945,4.69
2666831,71695952,4.69
2666839,71695891,4.69
2666839,71695907,4.69
2666839,71695914,4.69
2666839,71695921,4.69
2666839,71695938,4.69
2666839,71695945,4.69
2666839,71695952,4.69
2666845,71695891,4.69
2666845,71695907,4.69
2666845,71695914,4.69
2666845,71695921,4.69
2666845,71695938,4.69
2666845,71695945,4.69
2666845,71695952,4.69
2666812,71698908,4.72
2666812,71698915,4.72
2666812,71698922,4.72
2666812,71698939,4.72
2666812,71698946,4.72
2666812,71698953,4.72
2666813,71699189,4.72
2666813,71699196,4.72
2666813,71699202,4.72
2666813,71699219,4.72
2666813,71699226,4.72
2666813,71699233,4.72
2666814,71699110,4.72
2666814,71699127,4.72
2666814,71699134,4.72
2666814,71699141,4.72
2666814,71699158,4.72
2666814,71699165,4.72
2666814,71699172,4.72
2666815,71699042,4.72
2666815,71699059,4.72
2666815,71699066,4.72
2666815,71699073,4.72
2666815,71699080,4.72
2666815,71699097,4.72
2666816,71698977,4.72
2666816,71698984,4.72
2666816,71698991,4.72
2666816,71699004,4.72
2666816,71699011,4.72
2666816,71699028,4.72
2666829,71698977,4.72
2666829,71698984,4.72
2666829,71698991,4.72
2666829,71699004,4.72
2666829,71699011,4.72
2666829,71699028,4.72
2666830,71699110,4.72
2666830,71699127,4.72
2666830,71699134,4.72
2666830,71699141,4.72
2666830,71699158,4.72
2666830,71699165,4.72
2666830,71699172,4.72
2666838,71699110,4.72
2666838,71699127,4.72
2666838,71699134,4.72
2666838,71699141,4.72
2666838,71699158,4.72
2666838,71699165,4.72
2666838,71699172,4.72
2666844,71699110,4.72
2666844,71699127,4.72
2666844,71699134,4.72
2666844,71699141,4.72
2666844,71699158,4.72
2666844,71699165,4.72
2666844,71699172,4.72
2666806,71700397,4.608
2666806,71700403,4.608
2666806,71700410,4.608
2666806,71700427,4.608
2666806,71700434,4.608
2666807,71700243,4.608
2666807,71700250,4.608
2666807,71700267,4.608
2666807,71700274,4.608
2666807,71700281,4.608
2666807,71700298,4.608
2666808,71700328,4.608
2666808,71700335,4.608
2666808,71700342,4.608
2666808,71700359,4.608
2666808,71700366,4.608
2666824,71700243,4.608
2666824,71700250,4.608
2666824,71700267,4.608
2666824,71700274,4.608
2666824,71700281,4.608
2666824,71700298,4.608
2666825,71700328,4.608
2666825,71700335,4.608
2666825,71700342,4.608
2666825,71700359,4.608
2666825,71700366,4.608
2666835,71700328,4.608
2666835,71700335,4.608
2666835,71700342,4.608
2666835,71700359,4.608
2666835,71700366,4.608
2666836,71700243,4.608
2666836,71700250,4.608
2666836,71700267,4.608
2666836,71700274,4.608
2666836,71700281,4.608
2666836,71700298,4.608
2666841,71700243,4.608
2666841,71700250,4.608
2666841,71700267,4.608
2666841,71700274,4.608
2666841,71700281,4.608
2666841,71700298,4.608
2666805,71189192,2.121
2666805,71189208,2.121
2666805,71189215,2.121
2666805,71189222,2.121
2666805,71189239,2.121
2666853,71189192,2.121
2666853,71189208,2.121
2666853,71189215,2.121
2666853,71189222,2.121
2666853,71189239,2.121
2666868,71189192,2.121
2666868,71189208,2.121
2666868,71189215,2.121
2666868,71189222,2.121
2666868,71189239,2.121
2666876,71189192,2.121
2666876,71189208,2.121
2666876,71189215,2.121
2666876,71189222,2.121
2666876,71189239,2.121
2632338,71700953,2.476
2632338,71700960,2.476
2632338,71700977,2.476
2632338,71700984,2.476
2632338,71700991,2.476
2632338,71701004,2.476
2632338,71701011,2.476
2666804,71700892,2.476
2666804,71700908,2.476
2666804,71700915,2.476
2666804,71700922,2.476
2666804,71700939,2.476
2632339,71700953,2.476
2632339,71700960,2.476
2632339,71700977,2.476
2632339,71700984,2.476
2632339,71700991,2.476
2632339,71701004,2.476
2632339,71701011,2.476
2666823,71700892,2.476
2666823,71700908,2.476
2666823,71700915,2.476
2666823,71700922,2.476
2666823,71700939,2.476
2666834,71700960,2.476
2666834,71700977,2.476
2666834,71700984,2.476
2666834,71700991,2.476
2666834,71701004,2.476
2666858,71700960,2.476
2666858,71700977,2.476
2666858,71700984,2.476
2666858,71700991,2.476
2666858,71701004,2.476
2666867,71700960,2.476
2666867,71700977,2.476
2666867,71700984,2.476
2666867,71700991,2.476
2666867,71701004,2.476
2666840,71701110,2.68
2666840,71701127,2.68
2666840,71701134,2.68
2666840,71701141,2.68
2666840,71701158,2.68
2666847,71701042,2.68
2666847,71701059,2.68
2666847,71701066,2.68
2666847,71701073,2.68
2666847,71701080,2.68
2666859,71701110,2.68
2666859,71701127,2.68
2666859,71701134,2.68
2666859,71701141,2.68
2666859,71701158,2.68
2666866,71701042,2.68
2666866,71701059,2.68
2666866,71701066,2.68
2666866,71701073,2.68
2666866,71701080,2.68
